研报名称,机构名称,发布时间,行业,研报地址
汽车行业周报：AI发电系列（7）：大缸径气缸套、活塞有望受益于AIDC建设需求,华源证券,2026-08-03,汽车零部件,https://pdf.dfcfw.com/pdf/H3_AP202608021827571089_1.pdf?1785739810000.pdf
汽车零部件&机器人&缺电主线周报：Optimus负责人确认产能口径，BE业绩超市场预期,东吴证券,2026-08-03,汽车零部件,https://pdf.dfcfw.com/pdf/H3_AP202608031827571756_1.pdf?1785740378000.pdf
汽车行业周报：宇树8月上市在即，谷歌发布通用人形机器人大模型,华鑫证券,2026-08-03,汽车零部件,https://pdf.dfcfw.com/pdf/H3_AP202608031827581929_1.pdf?1785767761000.pdf
汽车行业周报：谷歌推出机器人通用大脑，2026年有望成为应用落地元年,华龙证券,2026-08-03,汽车零部件,https://pdf.dfcfw.com/pdf/H3_AP202608031827590685_1.pdf?1785780241000.pdf
钢铁臂膀——装载机产业在基建复苏与全球绿色转型中的双轮跃升 头豹词条报告系列,头豹研究院,2026-08-03,汽车零部件,https://pdf.dfcfw.com/pdf/H3_AP202608031827594020_1.pdf?1785787224000.pdf
汽车行业点评报告：AI系列深度11期：大模型如何进行模仿与强化学习？,东吴证券,2026-08-03,汽车零部件,https://pdf.dfcfw.com/pdf/H3_AP202608031827581093_1.pdf?1785766655000.pdf
智能汽车主线周报：曹操出行开放Robotaxi无安全员测试，看好智能化,东吴证券,2026-08-03,汽车零部件,https://pdf.dfcfw.com/pdf/H3_AP202608031827590048_1.pdf?1785779284000.pdf
汽车行业周报：后期大众市场竞争持续，技术赋能加深,国元证券,2026-08-03,汽车零部件,https://pdf.dfcfw.com/pdf/H3_AP202608031827588916_1.pdf?1785777828000.pdf
汽车及汽车零部件行业周报：小米举行澎程发布会，比亚迪海獭登录日本市场,国金证券,2026-08-02,汽车零部件,https://pdf.dfcfw.com/pdf/H3_AP202608021827566302_1.pdf?1785677903000.pdf
汽车行业深度报告：AI系列深度09期：从LLM到VLM再到VLA意味着什么？,东吴证券,2026-08-01,汽车零部件,https://pdf.dfcfw.com/pdf/H3_AP202607311827539072_1.pdf?1785576617000.pdf
汽车行业深度报告：AI系列深度10期：预训练与后训练如何塑造大模型？,东吴证券,2026-08-01,汽车零部件,https://pdf.dfcfw.com/pdf/H3_AP202608011827560124_1.pdf?1785601745000.pdf
特斯拉专题研究系列三十六：FSD加速渗透，机器人产线落地在即,国信证券,2026-07-31,汽车零部件,https://pdf.dfcfw.com/pdf/H3_AP202607311827513734_1.pdf?1785492116000.pdf
汽车行业深度报告：AI系列深度08期：GAN与Diffusion两类生成范式有何差异？,东吴证券,2026-07-31,汽车零部件,https://pdf.dfcfw.com/pdf/H3_AP202607311827515254_1.pdf?1785495092000.pdf
汽车行业点评报告：AI系列深度06期：Transformer如何从序列任务走向基座模型？,东吴证券,2026-07-30,汽车零部件,https://pdf.dfcfw.com/pdf/H3_AP202607301827467274_1.pdf?1785397979000.pdf
汽车行业深度报告：AI系列深度07期：CNN与ViT两类视觉骨干有何差异？,东吴证券,2026-07-30,汽车零部件,https://pdf.dfcfw.com/pdf/H3_AP202607301827486045_1.pdf?1785422730000.pdf
汽车与零部件行业周报：吉利汽车拟收购西班牙目标公司34%股权，地平线机器人预计上半年扭亏为盈,上海证券,2026-07-29,汽车零部件,https://pdf.dfcfw.com/pdf/H3_AP202607291827441926_1.pdf?1785316513000.pdf
汽车行业可持续发展报告：新能源保有量稳步提升，出海加速惠及世界,上海证券,2026-07-29,汽车零部件,https://pdf.dfcfw.com/pdf/H3_AP202607291827441927_1.pdf?1785316697000.pdf
AI系列深度04期：什么是表征？,东吴证券,2026-07-29,汽车零部件,https://pdf.dfcfw.com/pdf/H3_AP202607291827445779_1.pdf?1785324175000.pdf
汽车行业点评报告：AI系列深度05期：模型如何学习表征并实现对齐？,东吴证券,2026-07-29,汽车零部件,https://pdf.dfcfw.com/pdf/H3_AP202607291827455849_1.pdf?1785344200000.pdf
汽车行业深度报告：AI系列深度02期：AGI是什么？,东吴证券,2026-07-28,汽车零部件,https://pdf.dfcfw.com/pdf/H3_AP202607281827405867_1.pdf?1785235664000.pdf
智能汽车系列报告（十）：特斯拉资本开支高增利润承压，Robotaxi与机器人量产启动,爱建证券,2026-07-28,汽车零部件,https://pdf.dfcfw.com/pdf/H3_AP202607281827420840_1.pdf?1785259551000.pdf
汽车行业深度报告：AI系列深度03期：数字AI与物理AI的边界在哪里？,东吴证券,2026-07-28,汽车零部件,https://pdf.dfcfw.com/pdf/H3_AP202607281827422786_1.pdf?1785263287000.pdf
汽车行业周报：特斯拉Optimus即将投产，Vera Rubin平台开启十亿瓦级液冷部署新纪元,华鑫证券,2026-07-27,汽车零部件,https://pdf.dfcfw.com/pdf/H3_AP202607271827377841_1.pdf?1785152030000.pdf
整车主线周报：本周SW商用载客车表现较好，重卡6月海关出口数据公布,东吴证券,2026-07-27,汽车零部件,https://pdf.dfcfw.com/pdf/H3_AP202607271827378460_1.pdf?1785155834000.pdf
汽车行业深度报告：AI系列深度01期：从数字AI通用底座到物理AI真实世界闭环,东吴证券,2026-07-27,汽车零部件,https://pdf.dfcfw.com/pdf/H3_AP202607271827388910_1.pdf?1785177111000.pdf
汽车行业周报：工信部推动稳增长，特斯拉加注汽车科技,国元证券,2026-07-27,汽车零部件,https://pdf.dfcfw.com/pdf/H3_AP202607271827389363_1.pdf?1785178106000.pdf
汽车行业周报：比亚迪人形机器人或将亮相，车企具身智能布局提速,爱建证券,2026-07-27,汽车零部件,https://pdf.dfcfw.com/pdf/H3_AP202607271827391909_1.pdf?1785185601000.pdf
汽车行业周报：Robotaxi系列跟踪3：从特斯拉中报看Robotaxi行业面临的挑战,华源证券,2026-07-27,汽车零部件,https://pdf.dfcfw.com/pdf/H3_AP202607271827392467_1.pdf?1785189285000.pdf
汽车行业深度：Robotaxi系列深度报告（二）-特斯拉Cybercab量产，Robotaxi商业化加速,爱建证券,2026-07-26,汽车零部件,https://pdf.dfcfw.com/pdf/H3_AP202607261827353785_1.pdf?1785075119000.pdf
商用车行业点评报告：2026H1重卡：出口延续高增，非洲贡献核心增量,开源证券,2026-07-26,汽车零部件,https://pdf.dfcfw.com/pdf/H3_AP202607261827355872_1.pdf?1785088011000.pdf
智能汽车主线周报：小鹏集团发布TuringViT，看好智能化,东吴证券,2026-07-26,汽车零部件,https://pdf.dfcfw.com/pdf/H3_AP202607261827356891_1.pdf?1785093737000.pdf
汽车零部件&机器人&缺电主线周报：三星电子设立RX机器人事业部，GEV披露二季度业绩及扩产计划,东吴证券,2026-07-26,汽车零部件,https://pdf.dfcfw.com/pdf/H3_AP202607261827355839_1.pdf?1785087468000.pdf
汽车行业2026年7月投资策略：建议关注高增长低估值的出口链行情,国信证券,2026-07-23,汽车零部件,https://pdf.dfcfw.com/pdf/H3_AP202607231827277962_1.pdf?1784801855000.pdf
汽车行业研究周报：WAIC-2026人形机器人迈向商业化验证新阶段,申港证券,2026-07-23,汽车零部件,https://pdf.dfcfw.com/pdf/H3_AP202607231827280736_1.pdf?1784809713000.pdf
智驾神经中枢——区域控制器驱动汽车电子电气架构的范式跃迁 头豹词条报告系列,头豹研究院,2026-07-23,汽车零部件,https://pdf.dfcfw.com/pdf/H3_AP202607231827294747_1.pdf?1784835470000.pdf
乘用车出海系列报告六：全球车企电动化进程梳理：从激进到务实,东吴证券,2026-07-23,汽车零部件,https://pdf.dfcfw.com/pdf/H3_AP202607231827284378_1.pdf?1784818574000.pdf
关注2026年新能源汽车下乡活动,中国汽车流通协会乘用车市场信息联席分会,2026-07-22,汽车零部件,https://pdf.dfcfw.com/pdf/H3_AP202607221827239602_1.pdf?1784706884000.pdf
电驱动壳体样件制造工艺,驱动视界(北京)技术,2026-07-22,汽车零部件,https://pdf.dfcfw.com/pdf/H3_AP202607221827240628_1.pdf?1784709263000.pdf
汽车行业周报：乘用车26Q2预告总结：业绩分化，原材料价格上涨、汇兑损失影响盈利,华源证券,2026-07-21,汽车零部件,https://pdf.dfcfw.com/pdf/H3_AP202607201827162504_1.pdf?1784615835000.pdf
汽车与零部件行业周报：享界G9获批L3级自动驾驶牌照，小鹏2026年量产首款飞行汽车,上海证券,2026-07-21,汽车零部件,https://pdf.dfcfw.com/pdf/H3_AP202607211827198078_1.pdf?1784630703000.pdf
整车主线周报：本周多家车企公布业绩预告，电池消费税落地,东吴证券,2026-07-21,汽车零部件,https://pdf.dfcfw.com/pdf/H3_AP202607211827222366_1.pdf?1784667379000.pdf
智能汽车主线周报：小鹏MONA L03上市，看好智能化,东吴证券,2026-07-20,汽车零部件,https://pdf.dfcfw.com/pdf/H3_AP202607201827136057_1.pdf?1784552292000.pdf
汽车行业周报：WAIC机器人厂商聚焦真实作业场景，昇腾950超节点真机首次线下展出,华鑫证券,2026-07-20,汽车零部件,https://pdf.dfcfw.com/pdf/H3_AP202607201827138529_1.pdf?1784557699000.pdf
汽车：WAIC顺利举办，具身智能加速向前,华金证券,2026-07-20,汽车零部件,https://pdf.dfcfw.com/pdf/H3_AP202607201827140948_1.pdf?1784560720000.pdf
汽车行业周报：技术竞争持续推进，海外发力加快,国元证券,2026-07-20,汽车零部件,https://pdf.dfcfw.com/pdf/H3_AP202607201827150635_1.pdf?1784571340000.pdf
2026年中国新能源汽车连接器行业概览：智电技术变革赋能新能源汽车连接器量价齐升,头豹研究院,2026-07-20,汽车零部件,https://pdf.dfcfw.com/pdf/H3_AP202607201827154799_1.pdf?1784577248000.pdf
汽车行业周报,国新证券股份,2026-07-19,汽车零部件,https://pdf.dfcfw.com/pdf/H3_AP202607191827100834_1.pdf?1784454858000.pdf
汽车行业周报,国新证券股份,2026-07-19,汽车零部件,https://pdf.dfcfw.com/pdf/H3_AP202607191827100967_1.pdf?1784454342000.pdf
汽车及汽车零部件行业周报：6月汽车出口突破百万大关，《整车成本测算规则》发布,国金证券,2026-07-19,汽车零部件,https://pdf.dfcfw.com/pdf/H3_AP202607191827108659_1.pdf?1784475263000.pdf
2025中国汽车后市场年度发展报告,中国汽车工业协会,2026-07-19,汽车零部件,https://pdf.dfcfw.com/pdf/H3_AP202607191827099665_1.pdf?1784471909000.pdf
汽车零部件&机器人&缺电主线周报：WAIC大会智元发布五款新品，PowerCell获ECL数据中心订单,东吴证券,2026-07-19,汽车零部件,https://pdf.dfcfw.com/pdf/H3_AP202607191827112417_1.pdf?1784486836000.pdf
汽车行业研究周报：6月汽车出口延续高增,申港证券,2026-07-17,汽车零部件,https://pdf.dfcfw.com/pdf/H3_AP202607171827046672_1.pdf?1784287258000.pdf
汽车软件开发：配备风河谷工作室测试套件,风河开物科技(上海),2026-07-16,汽车零部件,https://pdf.dfcfw.com/pdf/H3_AP202607161827006529_1.pdf?1784194687000.pdf
汽车智能化月报系列（三十七）：小鹏MONA L03开启预售，Momenta、易控智驾港交所上市,国信证券,2026-07-15,汽车零部件,https://pdf.dfcfw.com/pdf/H3_AP202607151826993309_1.pdf?1784138189000.pdf
汽车行业深度报告：L4商业化拐点推动，Robotaxi迈向规模运营阶段,国元证券,2026-07-15,汽车零部件,https://pdf.dfcfw.com/pdf/H3_AP202607151826995807_1.pdf?1784143037000.pdf
汽车行业周报：车规级存储系列（1）：重视车规级存储涨价机会,华源证券,2026-07-14,汽车零部件,https://pdf.dfcfw.com/pdf/H3_AP202607131826937100_1.pdf?1784013853000.pdf
汽车与零部件行业周报：零跑汽车登陆墨西哥，小鹏Robotaxi完成内测首单,上海证券,2026-07-14,汽车零部件,https://pdf.dfcfw.com/pdf/H3_AP202607141826946305_1.pdf?1784022040000.pdf
汽车零部件&机器人&缺电主线周报：Optimus V3初步定型，Meta首建其加拿大数据中心,东吴证券,2026-07-13,汽车零部件,https://pdf.dfcfw.com/pdf/H3_AP202607121826914159_1.pdf?1783927624000.pdf
汽车行业周报：特斯拉Optimus周产节奏明确，机器人最佳布局节点已至,华鑫证券,2026-07-13,汽车零部件,https://pdf.dfcfw.com/pdf/H3_AP202607131826918798_1.pdf?1783935436000.pdf
智能汽车主线周报：易控智驾港交所上市，看好智能化,东吴证券,2026-07-13,汽车零部件,https://pdf.dfcfw.com/pdf/H3_AP202607131826921704_1.pdf?1783945622000.pdf
汽车行业周报：厂商竞逐规模扩张，高阶智驾快速成长,国元证券,2026-07-13,汽车零部件,https://pdf.dfcfw.com/pdf/H3_AP202607131826923170_1.pdf?1783951818000.pdf
整车主线周报：6月乘用车产批零数据公布，广汽江淮公布业绩预告,东吴证券,2026-07-13,汽车零部件,https://pdf.dfcfw.com/pdf/H3_AP202607131826928115_1.pdf?1783961433000.pdf
汽车行业周报：数据中心行业高增推升液冷需求，核心部件泵空间广,开源证券,2026-07-12,汽车零部件,https://pdf.dfcfw.com/pdf/H3_AP202607121826912312_1.pdf?1783880613000.pdf
汽车智能座舱行业分析报告,武汉问渠汇知信息科技,2026-07-12,汽车零部件,https://pdf.dfcfw.com/pdf/H3_AP202607121826913200_1.pdf?1783889343000.pdf
中国乘用车市场价格趋势洞察（2026）,汽车之家,2026-07-10,汽车零部件,https://pdf.dfcfw.com/pdf/H3_AP202607101826859008_1.pdf?1783669749000.pdf
重卡全球化专题：非洲重卡市场扩张，欧系二手退潮，看好中国重卡车企出海发展,东吴证券,2026-07-10,汽车零部件,https://pdf.dfcfw.com/pdf/H3_AP202607101826871626_1.pdf?1783697229000.pdf
汽车行业深度报告：从宇树科技看国内整机及供应链投资机会（一）-全球通用机器人龙头，争做硬件生态第一流,华鑫证券,2026-07-10,汽车零部件,https://pdf.dfcfw.com/pdf/H3_AP202607101826875039_1.pdf?1783702990000.pdf
市场洞察：新能源故事之后，具身智能成车企新的增长曲线？,头豹研究院,2026-07-10,汽车零部件,https://pdf.dfcfw.com/pdf/H3_AP202607101826880055_1.pdf?1783712820000.pdf
电动汽车驱动系统关键技术,驱动视界(北京)技术,2026-07-09,汽车零部件,https://pdf.dfcfw.com/pdf/H3_AP202607091826832432_1.pdf?1783590226000.pdf
汽车电子水泵行业深度分析报告：2026年市场洞察与未来展望,武汉问渠汇知信息科技,2026-07-08,汽车零部件,https://pdf.dfcfw.com/pdf/H3_AP202607081826790361_1.pdf?1783502640000.pdf
2026年6月中国汽车保值率报告,中国汽车流通协会,2026-07-08,汽车零部件,https://pdf.dfcfw.com/pdf/H3_AP202607081826790411_1.pdf?1783502745000.pdf
汽车行业2026年中期投资策略：汽车出海+智能化提速，机器人应用场景加快落地,上海证券,2026-07-08,汽车零部件,https://pdf.dfcfw.com/pdf/H3_AP202607081826814635_1.pdf?1783526799000.pdf
汽车与零部件行业周报：宇树科创板IPO获证监会同意，6月全国乘用车厂商新能源批发预计同_环比均两位数增长,上海证券,2026-07-07,汽车零部件,https://pdf.dfcfw.com/pdf/H3_AP202607071826771039_1.pdf?1783438686000.pdf
AI智能汽车7月投资策略：小鹏集团公布世界模型技术图谱，看好智能化,东吴证券,2026-07-06,汽车零部件,https://pdf.dfcfw.com/pdf/H3_AP202607061826732362_1.pdf?1783319098000.pdf
汽车行业周报：AI BOX有望成为车载第三算力终端,开源证券,2026-07-06,汽车零部件,https://pdf.dfcfw.com/pdf/H3_AP202607061826735097_1.pdf?1783325530000.pdf
26年汽车总量思考：行业需求疲软，国内主机厂产能结构及利用率分析,华源证券,2026-07-06,汽车零部件,https://pdf.dfcfw.com/pdf/H3_AP202607061826736642_1.pdf?1783328952000.pdf
智能汽车主线周报：地平线机器人发布HSD V2.0，看好智能化,东吴证券,2026-07-06,汽车零部件,https://pdf.dfcfw.com/pdf/H3_AP202607061826738945_1.pdf?1783335716000.pdf
汽车行业周报：屏蔽泵-液冷中的核心通胀环节,华源证券,2026-07-06,汽车零部件,https://pdf.dfcfw.com/pdf/H3_AP202607061826740908_1.pdf?1783346768000.pdf
汽车行业周报：智能驾驶技术深入，新能车进入税基期,国元证券,2026-07-06,汽车零部件,https://pdf.dfcfw.com/pdf/H3_AP202607061826742159_1.pdf?1783349502000.pdf
汽车行业周报：Optimus量产进行时，五年内将融入人类生活,华鑫证券,2026-07-06,汽车零部件,https://pdf.dfcfw.com/pdf/H3_AP202607061826749988_1.pdf?1783362634000.pdf
乘用车6月月报：内需静待改善，出口韧性较强,东吴证券,2026-07-06,汽车零部件,https://pdf.dfcfw.com/pdf/H3_AP202607061826753731_1.pdf?1783370814000.pdf
汽车及汽车零部件行业周报：车企6月销量快报发布，Momenta计划7月8日登陆港交所,国金证券,2026-07-05,汽车零部件,https://pdf.dfcfw.com/pdf/H3_AP202607051826725952_1.pdf?1783246893000.pdf
汽车行业6月跟踪报告：政策提振汽车消费，下半年行业有望改善,爱建证券,2026-07-05,汽车零部件,https://pdf.dfcfw.com/pdf/H3_AP202607051826727382_1.pdf?1783259188000.pdf
汽车零部件&机器人&缺电主线周报：宇树科技IPO注册获批，BE与Brookfield扩大合作,东吴证券,2026-07-05,汽车零部件,https://pdf.dfcfw.com/pdf/H3_AP202607051826729567_1.pdf?1783275268000.pdf
2026中国新能源汽车品牌GEO现状研究报告,亿欧智库,2026-07-03,汽车零部件,https://pdf.dfcfw.com/pdf/H3_AP202607031826682939_1.pdf?1783068882000.pdf
2026年汽车行业年中展望：疆途新耕，新局开篇,中山证券,2026-07-02,汽车零部件,https://pdf.dfcfw.com/pdf/H3_AP202607011826639972_1.pdf?1782976273000.pdf
2026年1-5月汽车市场分析报告,广州市求信商征信息咨询,2026-07-02,汽车零部件,https://pdf.dfcfw.com/pdf/H3_AP202607021826648992_1.pdf?1782984239000.pdf
汽车行业研究周报：多部门政策重磅齐发，汽车迎全链条规范发展新机遇,申港证券,2026-07-02,汽车零部件,https://pdf.dfcfw.com/pdf/H3_AP202607021826671813_1.pdf?1783036184000.pdf
汽车与零部件行业周报：Momenta通过港交所聆讯，零跑汽车在西班牙新建电池组装车间,上海证券,2026-06-30,汽车零部件,https://pdf.dfcfw.com/pdf/H3_AP202606301826576285_1.pdf?1782828765000.pdf
汽车行业周报：自动驾驶国标公示，看好自研车企&自动驾驶产业链,华龙证券,2026-06-30,汽车零部件,https://pdf.dfcfw.com/pdf/H3_AP202606301826578629_1.pdf?1782831736000.pdf
汽车行业周报：海外博弈持续，关注汽车-AI融合发展,国元证券,2026-06-29,汽车零部件,https://pdf.dfcfw.com/pdf/H3_AP202606291826535244_1.pdf?1782749931000.pdf
智能汽车主线周报：联合国自动驾驶系统全球技术法规发布，看好智能化,东吴证券,2026-06-29,汽车零部件,https://pdf.dfcfw.com/pdf/H3_AP202606291826539531_1.pdf?1782753635000.pdf
汽车行业周报：AI发电系列（6）：SOFC如若放量可能带来的产业链机会,华源证券,2026-06-29,汽车零部件,https://pdf.dfcfw.com/pdf/H3_AP202606291826548446_1.pdf?1782762061000.pdf
汽车零部件&机器人&缺电主线周报：优必选发布轮式工业机器人，宇树Unitree R1降价,东吴证券,2026-06-28,汽车零部件,https://pdf.dfcfw.com/pdf/H3_AP202606281826515122_1.pdf?1782662392000.pdf
汽车及汽车零部件行业周报：商务部等发布全链条扩大汽车消费措施，全新理想L8上市,国金证券,2026-06-28,汽车零部件,https://pdf.dfcfw.com/pdf/H3_AP202606281826515859_1.pdf?1782673427000.pdf
汽车行业深度报告：特斯拉FSD V14入华类比特斯拉国产：国产智驾的Grok时刻,太平洋,2026-06-28,汽车零部件,https://pdf.dfcfw.com/pdf/H3_AP202606281826517919_1.pdf?1782683284000.pdf
汽车行业周报,国新证券股份,2026-06-25,汽车零部件,https://pdf.dfcfw.com/pdf/H3_AP202606251823828304_1.pdf?1782372490000.pdf
汽车与零部件行业周报：2026年新能源汽车下乡活动启动，松延动力发布首款开源鸿蒙机器人,上海证券,2026-06-24,汽车零部件,https://pdf.dfcfw.com/pdf/H3_AP202606241823797666_1.pdf?1782295946000.pdf
汽车行业2026年中期投资策略：总量谨慎结构择优，关注汽车智能化投资机会,东莞证券,2026-06-24,汽车零部件,https://pdf.dfcfw.com/pdf/H3_AP202606241823799193_1.pdf?1782299557000.pdf
2026（第十九届）北京国际汽车展览：展前总结报告,广州普斯逊信息科技,2026-06-24,汽车零部件,https://pdf.dfcfw.com/pdf/H3_AP202606241823809912_1.pdf?1782320849000.pdf
2026年度最有价值及最强轮胎品牌报告：轮胎25,英国品牌金融咨询公司,2026-06-24,汽车零部件,https://pdf.dfcfw.com/pdf/H3_AP202606241823810017_1.pdf?1782321891000.pdf
汽车行业研究周报：新能源汽车下乡活动推进，县域市场加速渗透,申港证券,2026-06-24,汽车零部件,https://pdf.dfcfw.com/pdf/H3_AP202606241823810732_1.pdf?1782320035000.pdf
整车主线周报：重卡5月海关数据公布，本周汽车零部件板块表现较好,东吴证券,2026-06-23,汽车零部件,https://pdf.dfcfw.com/pdf/H3_AP202606221823751905_1.pdf?1782198634000.pdf
汽车行业周报：新能源汽车下乡启动，看好内需企稳,华龙证券,2026-06-23,汽车零部件,https://pdf.dfcfw.com/pdf/H3_AP202606231823759341_1.pdf?1782203483000.pdf
未来材料巡礼之新能源汽车新材料10：热成型高强钢应用跃升，或激活300亿潜在增量,五矿证券,2026-06-23,汽车零部件,https://pdf.dfcfw.com/pdf/H3_AP202606231823761345_1.pdf?1782206942000.pdf
多部委共推新能源化 将助力重卡销量持续回升,第一创业,2026-06-23,汽车零部件,https://pdf.dfcfw.com/pdf/H3_AP202606231823764236_1.pdf?1782217253000.pdf
汽车行业2026年中期策略：高阶智驾有望加速落地，关注主动悬架领域,东兴证券,2026-06-23,汽车零部件,https://pdf.dfcfw.com/pdf/H3_AP202606231823758482_1.pdf?1782201039000.pdf
汽车零部件&机器人&缺电主线周报：赛力斯机器人首次亮相，上纬启元将落地线下门店,东吴证券,2026-06-22,汽车零部件,https://pdf.dfcfw.com/pdf/H3_AP202606221823715793_1.pdf?1782116508000.pdf
汽车及汽车零部件行业周报：比亚迪大唐EV正式上市，Momenta获赴港上市备案通知书,国金证券,2026-06-22,汽车零部件,https://pdf.dfcfw.com/pdf/H3_AP202606221823721791_1.pdf?1782127131000.pdf
汽车行业周报：AI发电系列（5）：大缸径曲轴有望受益于AIDC建设需求,华源证券,2026-06-22,汽车零部件,https://pdf.dfcfw.com/pdf/H3_AP202606221823727757_1.pdf?1782135043000.pdf
汽车行业周报：政物流加速智能化，海外本土化政策发力,国元证券,2026-06-22,汽车零部件,https://pdf.dfcfw.com/pdf/H3_AP202606221823734473_1.pdf?1782141452000.pdf
智能汽车主线周报：理想举办Livis Day技术发布会，看好智能化,东吴证券,2026-06-22,汽车零部件,https://pdf.dfcfw.com/pdf/H3_AP202606221823743236_1.pdf?1782154065000.pdf
汽车行业周报：特斯拉机器人德州千万台工厂已正式动工，启元Q1落地深圳亚洲首店,华鑫证券,2026-06-22,汽车零部件,https://pdf.dfcfw.com/pdf/H3_AP202606221823746427_1.pdf?1782161486000.pdf
2026年造车新势力研究报告,硕远咨询,2026-06-18,汽车零部件,https://pdf.dfcfw.com/pdf/H3_AP202606181823650957_1.pdf?1781769191000.pdf
2026年网约车行业研究报告,硕远咨询,2026-06-18,汽车零部件,https://pdf.dfcfw.com/pdf/H3_AP202606181823650958_1.pdf?1781769498000.pdf
汽车行业周报,国新证券股份,2026-06-18,汽车零部件,https://pdf.dfcfw.com/pdf/H3_AP202606181823678063_1.pdf?1781821335000.pdf
汽车行业2026年6月投资策略：2026年5月全国乘用车批发销量同比下降5%，看好自主乘用车出海加速,国信证券,2026-06-17,汽车零部件,https://pdf.dfcfw.com/pdf/H3_AP202606171823622582_1.pdf?1781690630000.pdf
汽车智能化月报系列（三十六）：特斯拉FSD监督版登陆比利时，Robotaxi行业商业化落地加速推进,国信证券,2026-06-17,汽车零部件,https://pdf.dfcfw.com/pdf/H3_AP202606171823620157_1.pdf?1781686072000.pdf
汽车行业研究周报：5月汽车出口延续高增,申港证券,2026-06-17,汽车零部件,https://pdf.dfcfw.com/pdf/H3_AP202606171823644627_1.pdf?1781737568000.pdf
汽车行业周报：两部门约谈涉嫌非理性竞争车企，看好头部车企,华龙证券,2026-06-16,汽车零部件,https://pdf.dfcfw.com/pdf/H3_AP202606161823587061_1.pdf?1781596506000.pdf
汽车与零部件行业周报：东风全新固态电池26H2量产装车，2030年新能源重卡渗透率达到40%,上海证券,2026-06-16,汽车零部件,https://pdf.dfcfw.com/pdf/H3_AP202606161823589886_1.pdf?1781603508000.pdf
2026年汽车行业AI信源影响力指数报告,艾瑞股份,2026-06-16,汽车零部件,https://pdf.dfcfw.com/pdf/H3_AP202606161823590503_1.pdf?1781606390000.pdf
整车主线周报：重卡出口持续升温，乘用车5月零售数据公布,东吴证券,2026-06-16,汽车零部件,https://pdf.dfcfw.com/pdf/H3_AP202606161823593049_1.pdf?1781615054000.pdf
汽车：马斯克的SpaceX星辰大海叙事,太平洋,2026-06-16,汽车零部件,https://pdf.dfcfw.com/pdf/H3_AP202606161823605677_1.pdf?1781631582000.pdf
CIC灼识自动驾驶行业蓝皮书：城市NOA：自动驾驶商业化的转折点,灼识投资咨询(上海),2026-06-16,汽车零部件,https://pdf.dfcfw.com/pdf/H3_AP202606161823609633_1.pdf?1781639749000.pdf
汽车行业周报：Figure产能快速爬坡，SpaceX上市首日大涨19.2%,华鑫证券,2026-06-15,汽车零部件,https://pdf.dfcfw.com/pdf/H3_AP202606151823559163_1.pdf?1781516071000.pdf
汽车行业周报：AI发电系列（4）：为什么SOFC可能是中长期最具潜力的离网主电形式？,华源证券,2026-06-15,汽车零部件,https://pdf.dfcfw.com/pdf/H3_AP202606151823559234_1.pdf?1781516575000.pdf
智能汽车主线周报：曹操出行筹建独立AI事业部，看好智能化,东吴证券,2026-06-15,汽车零部件,https://pdf.dfcfw.com/pdf/H3_AP202606151823561900_1.pdf?1781524359000.pdf
汽车行业周报：汽车智能即是具身智能，出海持续向前,国元证券,2026-06-15,汽车零部件,https://pdf.dfcfw.com/pdf/H3_AP202606151823571526_1.pdf?1781543230000.pdf
汽车行业周报：周专题，爆款延续＋新品接力或支撑小米55万辆交付目标兑现,爱建证券,2026-06-15,汽车零部件,https://pdf.dfcfw.com/pdf/H3_AP202606151823579653_1.pdf?1781557264000.pdf
汽车及汽车零部件行业周报：工信部第408批新车申报，赛豆科技发布AI汽车品牌AIVA,国金证券,2026-06-14,汽车零部件,https://pdf.dfcfw.com/pdf/H3_AP202606141823552344_1.pdf?1781462872000.pdf
汽车行业周报：5月内需承压出口高增趋势延续，比亚迪等出海加速,开源证券,2026-06-14,汽车零部件,https://pdf.dfcfw.com/pdf/H3_AP202606141823553395_1.pdf?1781471791000.pdf
汽车零部件&机器人&缺电主线周报：何小鹏兼任机器人业务CEO，GEV发布AI白皮书,东吴证券,2026-06-14,汽车零部件,https://pdf.dfcfw.com/pdf/H3_AP202606141823554391_1.pdf?1781508120000.pdf
2026年中国两轮电动车行业研究报告：从价格战到价值战：智能化重构行业新格局,艾瑞股份,2026-06-12,汽车零部件,https://pdf.dfcfw.com/pdf/H3_AP202606111823468704_1.pdf?1781250254000.pdf
汽车行业：魏牌V9X上市反馈快报—基于100条真实VOC,北京烹小鱼咨询,2026-06-12,汽车零部件,https://pdf.dfcfw.com/pdf/H3_AP202606121823496626_1.pdf?1781260224000.pdf
汽车行业周报,国新证券股份,2026-06-12,汽车零部件,https://pdf.dfcfw.com/pdf/H3_AP202606121823499280_1.pdf?1781265000000.pdf
2025年度智能网联汽车漏洞态势分析报告：白帽黑客驱动汽车安全,北京泽鹿安全技术,2026-06-11,汽车零部件,https://pdf.dfcfw.com/pdf/H3_AP202606111823450961_1.pdf?1781191655000.pdf
汽车八大人群心智重构白皮书：从“人群画像”到“心智地图”,懂车帝,2026-06-11,汽车零部件,https://pdf.dfcfw.com/pdf/H3_AP202606111823450962_1.pdf?1781192053000.pdf
泰国网约车发展报告,中国互联网协会知识产权工作委员会,2026-06-11,汽车零部件,https://pdf.dfcfw.com/pdf/H3_AP202606111823466170_1.pdf?1781250956000.pdf
汽车行业研究周报：政策聚焦真实场景验证，人形机器人产加速商业化,申港证券,2026-06-10,汽车零部件,https://pdf.dfcfw.com/pdf/H3_AP202606101823424804_1.pdf?1781112014000.pdf
整车主线周报：本周车企公布5月交付表现，SW汽车零部件表现相对较好,东吴证券,2026-06-09,汽车零部件,https://pdf.dfcfw.com/pdf/H3_AP202606081823369656_1.pdf?1780986931000.pdf
汽车：魏牌V9X上市反馈快报——基于100条真实VOC,北京烹小鱼咨询,2026-06-09,汽车零部件,https://pdf.dfcfw.com/pdf/H3_AP202606091823377222_1.pdf?1780996558000.pdf
汽车行业周报：自研4nm智驾芯片+城市领航兜底，比亚迪加码智驾布局,华龙证券,2026-06-09,汽车零部件,https://pdf.dfcfw.com/pdf/H3_AP202606091823384294_1.pdf?1781010996000.pdf
汽车行业周报：自主车企出口销量维持较高增速,华龙证券,2026-06-09,汽车零部件,https://pdf.dfcfw.com/pdf/H3_AP202606091823384351_1.pdf?1781011098000.pdf
汽车与零部件行业周报：5月乘用车市场零售同比-20%，宇树科创板IPO过会，比亚迪入局人形机器人,上海证券,2026-06-09,汽车零部件,https://pdf.dfcfw.com/pdf/H3_AP202606091823385502_1.pdf?1781013315000.pdf
智能汽车主线周报：小鹏集团公布世界模型技术图谱，看好智能化,东吴证券,2026-06-09,汽车零部件,https://pdf.dfcfw.com/pdf/H3_AP202606091823392689_1.pdf?1781024336000.pdf
汽车行业周报：宇树联合英伟达推出新款机器人，SpaceX即将以1.8万亿美元市值上市,华鑫证券,2026-06-08,汽车零部件,https://pdf.dfcfw.com/pdf/H3_AP202606081823350398_1.pdf?1780911336000.pdf
汽车零部件&机器人&缺电主线周报：宇树IPO过会，潍柴106台燃发交付,东吴证券,2026-06-08,汽车零部件,https://pdf.dfcfw.com/pdf/H3_AP202606071823345127_1.pdf?1780901465000.pdf
电车需求跟踪5月：批发累计同比转正，欧洲碳排合规压力持续,五矿证券,2026-06-08,汽车零部件,https://pdf.dfcfw.com/pdf/H3_AP202606081823361637_1.pdf?1780940309000.pdf
汽车行业周报：政策、技术启新篇，新合资持续发力,国元证券,2026-06-08,汽车零部件,https://pdf.dfcfw.com/pdf/H3_AP202606081823365754_1.pdf?1780946383000.pdf
汽车行业2026年中期策略：出口加速、中高端需求向好、智驾有望迎来拐点,国金证券,2026-06-08,汽车零部件,https://pdf.dfcfw.com/pdf/H3_AP202606081823365857_1.pdf?1780947070000.pdf
2026年中国汽车AR-HUD行业概览：前视交互价值凸显，AR-HUD打开人机交互新边界（精华版）,头豹研究院,2026-06-08,汽车零部件,https://pdf.dfcfw.com/pdf/H3_AP202606081823366234_1.pdf?1780947955000.pdf
汽车行业周报：26年汽车总量思考：行业疲软，整车行业产能利用率分析,华源证券,2026-06-07,汽车零部件,https://pdf.dfcfw.com/pdf/H3_AP202606071823339533_1.pdf?1780836911000.pdf
汽车及汽车零部件行业周报：车企5月销量快报发布，比亚迪入局人形机器人,国金证券,2026-06-07,汽车零部件,https://pdf.dfcfw.com/pdf/H3_AP202606071823340034_1.pdf?1780840398000.pdf
汽车行业周报,国新证券股份,2026-06-05,汽车零部件,https://pdf.dfcfw.com/pdf/H3_AP202606051823271674_1.pdf?1780644936000.pdf
汽车行业周报,国新证券股份,2026-06-05,汽车零部件,https://pdf.dfcfw.com/pdf/H3_AP202606051823271650_1.pdf?1780645040000.pdf
橡胶内胎行业：全球与中国橡胶内胎产业供需贸易概况及重点国别出口分析报告,北京智研科信咨询,2026-06-05,汽车零部件,https://pdf.dfcfw.com/pdf/H3_AP202606051823290327_1.pdf?1780676161000.pdf
汽车行业周报,国新证券股份,2026-06-04,汽车零部件,https://pdf.dfcfw.com/pdf/H3_AP202606041823243490_1.pdf?1780583278000.pdf
汽车行业研究周报：比亚迪发布智能化新战略，重构高阶智驾责任边界与成本门槛,申港证券,2026-06-04,汽车零部件,https://pdf.dfcfw.com/pdf/H3_AP202606041823254727_1.pdf?1780598451000.pdf
AI智能汽车6月投资策略：FSD官宣入华，看好智能化,东吴证券,2026-06-03,汽车零部件,https://pdf.dfcfw.com/pdf/H3_AP202606031823205089_1.pdf?1780504983000.pdf
汽车行业周报：AI发电系列（3）：非燃机AIDC用电需求可观，重视以SOFC为代表的新能源形式,华源证券,2026-06-02,汽车零部件,https://pdf.dfcfw.com/pdf/H3_AP202606021823150578_1.pdf?1780391835000.pdf
汽车与零部件行业周报：26Q1蔚来营收同比翻倍，比亚迪发布智驾芯片“璇玑A3”,上海证券,2026-06-02,汽车零部件,https://pdf.dfcfw.com/pdf/H3_AP202606021823150849_1.pdf?1780392564000.pdf
汽车：特斯拉FSD入华倒计时,太平洋,2026-06-02,汽车零部件,https://pdf.dfcfw.com/pdf/H3_AP202606021823155137_1.pdf?1780407042000.pdf
汽车行业周报：周专题，特斯拉FSD入华驱动高阶智驾加速,爱建证券,2026-06-02,汽车零部件,https://pdf.dfcfw.com/pdf/H3_AP202606021823164312_1.pdf?1780423563000.pdf
乘用车5月月报：内需静待改善，出口韧性较强,东吴证券,2026-06-02,汽车零部件,https://pdf.dfcfw.com/pdf/H3_AP202606021823165671_1.pdf?1780425791000.pdf
汽车行业周报：宇树科技6月1日上会，小鹏机器人2026年底启动量产,华鑫证券,2026-06-01,汽车零部件,https://pdf.dfcfw.com/pdf/H3_AP202606011823122755_1.pdf?1780326341000.pdf
整车主线周报：本周理想小鹏发布一季度报，SW乘用车表现相对较好,东吴证券,2026-06-01,汽车零部件,https://pdf.dfcfw.com/pdf/H3_AP202606011823133945_1.pdf?1780343659000.pdf
智能汽车主线周报：比亚迪推出城市NOA兜底政策，看好智能化,东吴证券,2026-06-01,汽车零部件,https://pdf.dfcfw.com/pdf/H3_AP202606011823133998_1.pdf?1780342868000.pdf
汽车及汽车零部件行业周报：比亚迪智能化战略发布会召开，理想、小鹏一季报披露,国金证券,2026-05-31,汽车零部件,https://pdf.dfcfw.com/pdf/H3_AP202605311823107047_1.pdf?1780248038000.pdf
汽车零部件&机器人&缺电主线周报：宇树IPO上会在即，小鹏披露Iron量产计划,东吴证券,2026-05-31,汽车零部件,https://pdf.dfcfw.com/pdf/H3_AP202605311823108498_1.pdf?1780263248000.pdf
汽车行业2025年及2026年一季度分析：汽车行业：零部件韧性、乘用车承压，智驾与机器人驱动行情分化,金融街证券,2026-05-29,汽车零部件,https://pdf.dfcfw.com/pdf/H3_AP202605291822985036_1.pdf?1780041314000.pdf
汽车与零部件行业周报：5月狭义乘用车零售预计环比+9.9%，乐聚智能创业板IPO获受理,上海证券,2026-05-28,汽车零部件,https://pdf.dfcfw.com/pdf/H3_AP202605281822936007_1.pdf?1779962214000.pdf
汽车行业周报：特斯拉FSD入华驱动智驾产业提速,爱建证券,2026-05-26,汽车零部件,https://pdf.dfcfw.com/pdf/H3_AP202605261822873984_1.pdf?1779794769000.pdf
智能汽车主线周报：特斯拉FSD官宣进入中国，看好智能化,东吴证券,2026-05-26,汽车零部件,https://pdf.dfcfw.com/pdf/H3_AP202605261822875423_1.pdf?1779803765000.pdf
整车主线周报：本周蔚来发布一季度报，4月重卡出口非洲_东南亚持续高增,东吴证券,2026-05-25,汽车零部件,https://pdf.dfcfw.com/pdf/H3_AP202605241822841296_1.pdf?1779695267000.pdf
汽车行业周报：FSD监督版入华，关注智驾市场机遇,国元证券,2026-05-25,汽车零部件,https://pdf.dfcfw.com/pdf/H3_AP202605251822852371_1.pdf?1779724140000.pdf
汽车行业点评报告：Optimus V3量产倒计时，Figure 03超长测试直播,开源证券,2026-05-25,汽车零部件,https://pdf.dfcfw.com/pdf/H3_AP202605251822852452_1.pdf?1779724432000.pdf
汽车行业周报：Optimus V2.5拟人化步态进步明显，期待V3发布效果,华鑫证券,2026-05-25,汽车零部件,https://pdf.dfcfw.com/pdf/H3_AP202605251822845269_1.pdf?1779698561000.pdf
汽车行业双周报：特斯拉FSD监督版官宣入华,东莞证券,2026-05-25,汽车零部件,https://pdf.dfcfw.com/pdf/H3_AP202605251822854631_1.pdf?1779727730000.pdf
汽车及汽车零部件行业周报：特斯拉监督版FSD官宣入华，小鹏GX正式上市,国金证券,2026-05-24,汽车零部件,https://pdf.dfcfw.com/pdf/H3_AP202605241822838256_1.pdf?1779633505000.pdf
汽车行业周报：新能源VAN有望成为中国商用车出海欧洲新方向,华源证券,2026-05-24,汽车零部件,https://pdf.dfcfw.com/pdf/H3_AP202605241822840145_1.pdf?1779650830000.pdf
汽车零部件&机器人&缺电主线周报：乐聚IPO获受理，特斯拉弗里蒙特工厂改造开始,东吴证券,2026-05-24,汽车零部件,https://pdf.dfcfw.com/pdf/H3_AP202605241822840207_1.pdf?1779651711000.pdf
汽车与零部件行业周报：小米正式发布并开源自动驾驶模型，F.04机器人正启动零部件交付流程,上海证券,2026-05-20,汽车零部件,https://pdf.dfcfw.com/pdf/H3_AP202605201822478421_1.pdf?1779270946000.pdf
2026北京车展舆情报告,慧科讯业(北京)网络科技,2026-05-20,汽车零部件,https://pdf.dfcfw.com/pdf/H3_AP202605201822490875_1.pdf?1779296490000.pdf
「HUD与车速表行业」2026年5月市场报告,蔚云出海(广州)企业咨询,2026-05-20,汽车零部件,https://pdf.dfcfw.com/pdf/H3_AP202605201822491002_1.pdf?1779297678000.pdf
「车用喇叭与配件」2026年4月市场报告,蔚云出海(广州)企业咨询,2026-05-20,汽车零部件,https://pdf.dfcfw.com/pdf/H3_AP202605201822491139_1.pdf?1779295797000.pdf
北京汽车市场分析2026年3月,北京北辰实业集团,2026-05-20,汽车零部件,https://pdf.dfcfw.com/pdf/H3_AP202605201822490859_1.pdf?1779296309000.pdf
汽车行业周报：智驾出行常态化，新合资助力全球化,国元证券,2026-05-19,汽车零部件,https://pdf.dfcfw.com/pdf/H3_AP202605191822425932_1.pdf?1779177649000.pdf
电车需求跟踪4月：零售降幅收窄，出口带动批发增速恢复,五矿证券,2026-05-19,汽车零部件,https://pdf.dfcfw.com/pdf/H3_AP202605191822430714_1.pdf?1779184665000.pdf
智能汽车主线周报：马赫M100上车理想新一代L9，看好智能化,东吴证券,2026-05-19,汽车零部件,https://pdf.dfcfw.com/pdf/H3_AP202605191822433146_1.pdf?1779188908000.pdf
2026Q1汽车财报点评：出口对冲内需压力，汇兑损失导致盈利承压,五矿证券,2026-05-19,汽车零部件,https://pdf.dfcfw.com/pdf/H3_AP202605191822430693_1.pdf?1779184455000.pdf
2025年中国无人城配车行业白皮书,艾瑞股份,2026-05-19,汽车零部件,https://pdf.dfcfw.com/pdf/H3_AP202605191822435887_1.pdf?1779197796000.pdf
越野汽车市场与技术发展趋势白皮书,中汽中心,2026-05-19,汽车零部件,https://pdf.dfcfw.com/pdf/H3_AP202605191822438522_1.pdf?1779203717000.pdf
汽车行业周报：Figure 03 80小时分拣10万件包裹，特斯拉中国再次招聘智驾测试岗位,华鑫证券,2026-05-18,汽车零部件,https://pdf.dfcfw.com/pdf/H3_AP202605181822391881_1.pdf?1779111523000.pdf
整车主线周报：本周零跑发布一季度报，重卡4月产批数据公布,东吴证券,2026-05-18,汽车零部件,https://pdf.dfcfw.com/pdf/H3_AP202605181822391501_1.pdf?1779110119000.pdf
汽车行业周报：小米OneVL模型开源，智驾技术加速融合,爱建证券,2026-05-18,汽车零部件,https://pdf.dfcfw.com/pdf/H3_AP202605181822396405_1.pdf?1779121356000.pdf
汽车点评报告：Figure长时间分拣直播，人形机器人工厂场景应用推进,华龙证券,2026-05-18,汽车零部件,https://pdf.dfcfw.com/pdf/H3_AP202605181822408192_1.pdf?1779135242000.pdf
汽车及汽车零部件行业周报：工信部第407批新车申报，全新理想L9正式上市,国金证券,2026-05-17,汽车零部件,https://pdf.dfcfw.com/pdf/H3_AP202605171822383359_1.pdf?1779036124000.pdf
汽车零部件&机器人&缺电主线周报：宇树发布载人机甲GD01，Figure 03进行分拣直播,东吴证券,2026-05-17,汽车零部件,https://pdf.dfcfw.com/pdf/H3_AP202605171822383928_1.pdf?1779046561000.pdf
汽车行业周报：AI发电系列（2）：2030年北美离网发电需求空间测算,华源证券,2026-05-17,汽车零部件,https://pdf.dfcfw.com/pdf/H3_AP202605171822384600_1.pdf?1779050252000.pdf
汽车智能化月报系列（三十五）：小鹏第二代VLA智驾里程占比超50%，地平线推出舱驾融合“星空”芯片,国信证券,2026-05-17,汽车零部件,https://pdf.dfcfw.com/pdf/H3_AP202605171822384781_1.pdf?1779053798000.pdf
汽车行业：广大车企应勇当“奶奶之友”老年女性车市洞察报告(2026版),腾易研究院,2026-05-14,汽车零部件,https://pdf.dfcfw.com/pdf/H3_AP202605141822299037_1.pdf?1778744524000.pdf
汽车与零部件行业周报：江汽集团携手华为数字能源成立智能电动联合创新中心，杭州为具身智能机器人立法,上海证券,2026-05-14,汽车零部件,https://pdf.dfcfw.com/pdf/H3_AP202605141822306829_1.pdf?1778758435000.pdf
2026中国新能源汽车品牌GEO现状研究报告,亿欧智库,2026-05-14,汽车零部件,https://pdf.dfcfw.com/pdf/H3_AP202605141822320036_1.pdf?1778785976000.pdf
2026北京国际汽车展览会展后洞察报告：产业链权力重塑，助力中国汽车深度全球化,亿欧智库,2026-05-14,汽车零部件,https://pdf.dfcfw.com/pdf/H3_AP202605141822320039_1.pdf?1778786274000.pdf
万亿市场驱动，汽车芯片国产化进程加速推进,深圳汉鼎智库咨询服务,2026-05-13,汽车零部件,https://pdf.dfcfw.com/pdf/H3_AP202605131822262121_1.pdf?1778684632000.pdf
汽车行业周报：出海持续火爆，具身智能再掀热潮,国元证券,2026-05-12,汽车零部件,https://pdf.dfcfw.com/pdf/H3_AP202605121822192670_1.pdf?1778572412000.pdf
汽车行业2026年5月投资策略暨年报&一季报总结：2026Q1汽车板块营收同比增长2%，看好出海及产业升级机遇,国信证券,2026-05-12,汽车零部件,https://pdf.dfcfw.com/pdf/H3_AP202605121822201306_1.pdf?1778584334000.pdf
汽车行业2025年报及2026年一季报业绩综述：汽车板块营收提高，价格战影响利润增速,东莞证券,2026-05-12,汽车零部件,https://pdf.dfcfw.com/pdf/H3_AP202605121822216579_1.pdf?1778606811000.pdf
汽车铝合金车轮行业概览：乘轻量化东风，探讨中国汽车铝合金车轮的未来,头豹研究院,2026-05-12,汽车零部件,https://pdf.dfcfw.com/pdf/H3_AP202605121822223052_1.pdf?1778614686000.pdf
汽车行业周报：人形机器人行业双周报（0427-0510）：视触觉传感器解锁灵巧操作，Optimus V3年中投产,华金证券,2026-05-11,汽车零部件,https://pdf.dfcfw.com/pdf/H3_AP202605111822143294_1.pdf?1778492141000.pdf
汽车行业周报：特斯拉与SpaceX有望进一步展开合作，乘用车出海及新车带动需求回升,华鑫证券,2026-05-11,汽车零部件,https://pdf.dfcfw.com/pdf/H3_AP202605111822143914_1.pdf?1778493413000.pdf
汽车行业双周报：汽车行业发布2026Q1财报,东莞证券,2026-05-11,汽车零部件,https://pdf.dfcfw.com/pdf/H3_AP202605111822159232_1.pdf?1778517800000.pdf
智能汽车主线周报：哈啰提交长沙Robotaxi路测申请，看好智能化,东吴证券,2026-05-11,汽车零部件,https://pdf.dfcfw.com/pdf/H3_AP202605111822165666_1.pdf?1778524360000.pdf
汽车行业周报：出口景气延续，检测或有增量,爱建证券,2026-05-11,汽车零部件,https://pdf.dfcfw.com/pdf/H3_AP202605111822168651_1.pdf?1778527488000.pdf
汽车及汽车零部件行业周报：理想L9 Livis即将上市，特斯拉奥斯汀Robotaxi开启夜间运营,国金证券,2026-05-10,汽车零部件,https://pdf.dfcfw.com/pdf/H3_AP202605101822126065_1.pdf?1778437782000.pdf
乘用车4月月报：内需静待改善，出口韧性较强,东吴证券,2026-05-09,汽车零部件,https://pdf.dfcfw.com/pdf/H3_AP202605081822084104_1.pdf?1778311556000.pdf
2026北京国际车展专题报告,广州市求信商征信息咨询,2026-05-09,汽车零部件,https://pdf.dfcfw.com/pdf/H3_AP202605091822095664_1.pdf?1778316516000.pdf
汽车行业周报：乘用车一季报总结及展望：出口及高端化部分对冲内销下滑影响,华源证券,2026-05-09,汽车零部件,https://pdf.dfcfw.com/pdf/H3_AP202605091822109626_1.pdf?1778361836000.pdf
汽车行业周报：智驾持续向上，全球格局重塑,国元证券,2026-05-08,汽车零部件,https://pdf.dfcfw.com/pdf/H3_AP202605081822055380_1.pdf?1778226521000.pdf
汽车行业周报：谷歌液冷技术核心特点有哪些？,华源证券,2026-05-06,汽车零部件,https://pdf.dfcfw.com/pdf/H3_AP202605061821979569_1.pdf?1778054962000.pdf
汽车行业：2025年及2026年一季报总结,国金证券,2026-05-06,汽车零部件,https://pdf.dfcfw.com/pdf/H3_AP202605061821981897_1.pdf?1778064142000.pdf
汽车行业周报：最后一辆Model X下线，属于Optimus的时代即将开启,华鑫证券,2026-05-06,汽车零部件,https://pdf.dfcfw.com/pdf/H3_AP202605061821983629_1.pdf?1778074734000.pdf
智能汽车主线周报：广东江门首批L4无人配送车上路实测，看好智能化,东吴证券,2026-05-06,汽车零部件,https://pdf.dfcfw.com/pdf/H3_AP202605061821982083_1.pdf?1778062908000.pdf
汽车行业周报：4月乘用车需求偏弱，厂商控产保价,爱建证券,2026-05-06,汽车零部件,https://pdf.dfcfw.com/pdf/H3_AP202605061821990077_1.pdf?1778088611000.pdf
2025年中国汽车行业并购活动回顾及未来展望：雄舰并帆，轻舟泊岸,普华永道中天会计师事务所,2026-05-06,汽车零部件,https://pdf.dfcfw.com/pdf/H3_AP202605061821996958_1.pdf?1778104309000.pdf
汽车2025Q4&2026Q1业绩综述：总体符合预期，出海&缺电是亮点,东吴证券,2026-05-06,汽车零部件,https://pdf.dfcfw.com/pdf/H3_AP202605061821996652_1.pdf?1778103663000.pdf
AI智能汽车5月投资策略：小鹏吉利Robotaxi提速，看好智能化,东吴证券,2026-05-05,汽车零部件,https://pdf.dfcfw.com/pdf/H3_AP202605041821953170_1.pdf?1777980982000.pdf
汽车零部件&机器人&缺电主线周报：小米新一代机器人亮相，卡特上调2026年营收指引,东吴证券,2026-05-05,汽车零部件,https://pdf.dfcfw.com/pdf/H3_AP202605041821957932_1.pdf?1777982117000.pdf
汽车及汽车零部件行业周报：车企4月销量快报发布，出海增长持续亮眼、内销仍有压力,国金证券,2026-05-05,汽车零部件,https://pdf.dfcfw.com/pdf/H3_AP202605051821968619_1.pdf?1777994141000.pdf
2026年天猫汽车消费者洞察白皮书：从流量到留量,浙江天猫技术,2026-04-30,汽车零部件,https://pdf.dfcfw.com/pdf/H3_AP202604301821820185_1.pdf?1777561826000.pdf
汽车行业点评报告：2026年车展看智能化趋势——智能体上车、舱驾一体、线控悬架迈向落地,开源证券,2026-04-29,汽车零部件,https://pdf.dfcfw.com/pdf/H3_AP202604291821723604_1.pdf?1777450446000.pdf
汽车行业：Robotaxi专题报告-智驾向高阶渗透，Robotaxi发展进入快车道,东莞证券,2026-04-29,汽车零部件,https://pdf.dfcfw.com/pdf/H3_AP202604291821748379_1.pdf?1777482858000.pdf
汽车行业周报：下行收窄，高质量发展持续,国元证券,2026-04-28,汽车零部件,https://pdf.dfcfw.com/pdf/H3_AP202604281821653135_1.pdf?1777367043000.pdf
汽车行业周报：北京车展新车密集发布，AI加速上车,爱建证券,2026-04-28,汽车零部件,https://pdf.dfcfw.com/pdf/H3_AP202604281821657519_1.pdf?1777378157000.pdf
汽车与零部件行业周报：北京车展新能源占比超八成，北汽蓝谷一季报毛利率同比提升11个百分点,上海证券,2026-04-28,汽车零部件,https://pdf.dfcfw.com/pdf/H3_AP202604281821659754_1.pdf?1777387526000.pdf
汽车行业周报,国新证券股份,2026-04-28,汽车零部件,https://pdf.dfcfw.com/pdf/H3_AP202606051823272449_1.pdf?1780649201000.pdf
汽车行业周报：Optimus V3预计年中发布，多款新车亮相2026年北京车展,华鑫证券,2026-04-27,汽车零部件,https://pdf.dfcfw.com/pdf/H3_AP202604271821596366_1.pdf?1777278435000.pdf
汽车行业周报：舱驾一体商业化落地进程有望加速,华源证券,2026-04-27,汽车零部件,https://pdf.dfcfw.com/pdf/H3_AP202604271821596431_1.pdf?1777279127000.pdf
汽车行业周报：人形机器人行业双周报（0413-0426）：四足机器人商业化已至，荣耀机器人半马夺冠,华金证券,2026-04-27,汽车零部件,https://pdf.dfcfw.com/pdf/H3_AP202604271821600628_1.pdf?1777297057000.pdf
整车主线周报：本周SW商用载客车表现较好，看好景气度复苏机会,东吴证券,2026-04-27,汽车零部件,https://pdf.dfcfw.com/pdf/H3_AP202604271821616704_1.pdf?1777312043000.pdf
汽车行业双周报：北京国际汽车展览会正式启幕,东莞证券,2026-04-27,汽车零部件,https://pdf.dfcfw.com/pdf/H3_AP202604271821616418_1.pdf?1777311753000.pdf
汽车行业周报：2026北京车展开幕，新品密集上市或亮相，华为发布ADS 5.0,国金证券,2026-04-26,汽车零部件,https://pdf.dfcfw.com/pdf/H3_AP202604261821592915_1.pdf?1777220163000.pdf
智能汽车主线周报：华为发布ADS 5.0，看好智能化,东吴证券,2026-04-26,汽车零部件,https://pdf.dfcfw.com/pdf/H3_AP202604261821594468_1.pdf?1777245514000.pdf
小红书车生活情绪白皮书,行吟信息科技,2026-04-24,汽车零部件,https://pdf.dfcfw.com/pdf/H3_AP202604241821531978_1.pdf?1777039847000.pdf
2026年3月全国乘用车市场深度分析报告,中国汽车流通协会,2026-04-22,汽车零部件,https://pdf.dfcfw.com/pdf/H3_AP202604221821467483_1.pdf?1776895885000.pdf
25年智驾年度盘点,上海鑫迪华数据技术,2026-04-21,汽车零部件,https://pdf.dfcfw.com/pdf/H3_AP202604211821362297_1.pdf?1776764350000.pdf
汽车行业2026年春季投资策略：关注汽车出海+智能化，机器人有望重塑行业增长逻辑,上海证券,2026-04-20,汽车零部件,https://pdf.dfcfw.com/pdf/H3_AP202604201821328557_1.pdf?1776684096000.pdf
智能汽车主线周报：特斯拉于达拉斯和休斯顿推出Robotaxi，看好智能化,东吴证券,2026-04-20,汽车零部件,https://pdf.dfcfw.com/pdf/H3_AP202604201821339097_1.pdf?1776705670000.pdf
汽车行业周报：荣耀“闪电”北京机器人半马夺冠，北京车展临近新车发布密集,华鑫证券,2026-04-20,汽车零部件,https://pdf.dfcfw.com/pdf/H3_AP202604201821338560_1.pdf?1776705040000.pdf
汽车行业周报：车展预热与节前需求有望支撑销量回暖,爱建证券,2026-04-20,汽车零部件,https://pdf.dfcfw.com/pdf/H3_AP202604201821339342_1.pdf?1776705916000.pdf
汽车智能化月报系列（三十四）：特斯拉AI5芯片流片成功，小鹏GX搭载L4原生架构开启预售,国信证券,2026-04-19,汽车零部件,https://pdf.dfcfw.com/pdf/H3_AP202604191821320233_1.pdf?1776615542000.pdf
汽车行业周报：26年北京车展“发车”在即,华源证券,2026-04-19,汽车零部件,https://pdf.dfcfw.com/pdf/H3_AP202604191821320523_1.pdf?1776610284000.pdf
汽车及汽车零部件行业周报：吉利发布i-HEV技术，极氪8X、零跑D19等多款高端新车上市,国金证券,2026-04-19,汽车零部件,https://pdf.dfcfw.com/pdf/H3_AP202604191821320590_1.pdf?1776618080000.pdf
汽车行业周报,国新证券股份,2026-04-17,汽车零部件,https://pdf.dfcfw.com/pdf/H3_AP202606051823272208_1.pdf?1780648451000.pdf
女青年车市洞察报告（2026版）：女青年“掰弯”车企年轻化战略,腾易研究院,2026-04-16,汽车零部件,https://pdf.dfcfw.com/pdf/H3_AP202604151821247453_1.pdf?1776326388000.pdf
汽车行业月报：3月乘用车出口延续增势，2季度新车上市有望提振销量,交银国际证券,2026-04-14,汽车零部件,https://pdf.dfcfw.com/pdf/H3_AP202604141821176507_1.pdf?1776180561000.pdf
汽车+AI前瞻系列之-服务器液冷专题：服务器算力提升催化液冷需求，供应商迎来国产替代新机遇,国信证券,2026-04-14,汽车零部件,https://pdf.dfcfw.com/pdf/H3_AP202604141821191501_1.pdf?1776192165000.pdf
整车主线周报：本周SW汽车整体表现较好，看好景气度复苏机会,东吴证券,2026-04-13,汽车零部件,https://pdf.dfcfw.com/pdf/H3_AP202604131821146537_1.pdf?1776078756000.pdf
汽车行业周报：波士顿动力2028年开始年产3万台，智元分拆四足机器人业务,华鑫证券,2026-04-13,汽车零部件,https://pdf.dfcfw.com/pdf/H3_AP202604131821146200_1.pdf?1776076524000.pdf
智能汽车主线周报：小马发布PonyWorld世界模型2.0，看好智能化,东吴证券,2026-04-13,汽车零部件,https://pdf.dfcfw.com/pdf/H3_AP202604131821155207_1.pdf?1776101837000.pdf
汽车行业周报：汽车出口高景气延续,爱建证券,2026-04-13,汽车零部件,https://pdf.dfcfw.com/pdf/H3_AP202604131821155736_1.pdf?1776102616000.pdf
汽车零部件&机器人主线周报：优必选“牵手”德马，智元发布新一代基座大模型Go-2,东吴证券,2026-04-12,汽车零部件,https://pdf.dfcfw.com/pdf/H3_AP202604121821141135_1.pdf?1776014827000.pdf
汽车行业周报：人形机器人行业双周报（0330-0412）：优必选人形机器人业务再创新高，Optimus V3发布在即,华金证券,2026-04-12,汽车零部件,https://pdf.dfcfw.com/pdf/H3_AP202604121821141515_1.pdf?1776021453000.pdf
汽车行业周报：关注26年起国产超节点液冷新增量,华源证券,2026-04-12,汽车零部件,https://pdf.dfcfw.com/pdf/H3_AP202604121821141903_1.pdf?1776024047000.pdf
汽车及汽车零部件行业周报：工信部第406批新车申报，理想L系列定位调整,国金证券,2026-04-12,汽车零部件,https://pdf.dfcfw.com/pdf/H3_AP202604121821141265_1.pdf?1776016254000.pdf
汽车行业极氪8X预售期用户反馈快报：基于237条真实VOC,北京烹小鱼咨询,2026-04-11,汽车零部件,https://pdf.dfcfw.com/pdf/H3_AP202604111821134299_1.pdf?1775903890000.pdf
汽车行业双周报：一季度乘用车出口同比快速增长,东莞证券,2026-04-10,汽车零部件,https://pdf.dfcfw.com/pdf/H3_AP202604101821117992_1.pdf?1775840673000.pdf
汽车行业2026年4月投资策略：高油价加速电车出海，乘用车行业迎来叙事拐点,国信证券,2026-04-10,汽车零部件,https://pdf.dfcfw.com/pdf/H3_AP202604101821121881_1.pdf?1775847136000.pdf
汽车零部件行业专题研究：汽车零部件全球化赛道,源达信息,2026-04-09,汽车零部件,https://pdf.dfcfw.com/pdf/H3_AP202604091821079850_1.pdf?1775730519000.pdf
电车需求跟踪3月：景气度回升但仍低于去年同期，欧洲市场大增,五矿证券,2026-04-08,汽车零部件,https://pdf.dfcfw.com/pdf/H3_AP202604081821057887_1.pdf?1775647850000.pdf
汽车与零部件行业周报：车企3月销量集体回暖，长安宣布成立天枢智能机器人公司,上海证券,2026-04-08,汽车零部件,https://pdf.dfcfw.com/pdf/H3_AP202604081821057886_1.pdf?1775647478000.pdf
智能汽车数据跟踪（三）：新势力车企3月销量同环比改善,爱建证券,2026-04-08,汽车零部件,https://pdf.dfcfw.com/pdf/H3_AP202604081821059932_1.pdf?1775658581000.pdf
汽车行业周报：出口带动销量稳健，产业出海需求提升,国元证券,2026-04-07,汽车零部件,https://pdf.dfcfw.com/pdf/H3_AP202604071821035503_1.pdf?1775548246000.pdf
汽车行业周报：特斯拉Optimus V3量产规划与核心硬件变化,开源证券,2026-04-07,汽车零部件,https://pdf.dfcfw.com/pdf/H3_AP202604071821035706_1.pdf?1775551338000.pdf
汽车行业周报：Optimus Gen3近期预热不断，仅剩发布前收尾工作,华鑫证券,2026-04-07,汽车零部件,https://pdf.dfcfw.com/pdf/H3_AP202604071821035968_1.pdf?1775552241000.pdf
汽车及汽车零部件行业研究：3月内销修复、出海延续高增，迪拜首批纯无人Robotaxi上路,国金证券,2026-04-07,汽车零部件,https://pdf.dfcfw.com/pdf/H3_AP202604071821036926_1.pdf?1775555645000.pdf
智能汽车主线周报：长安汽车获批重庆L4测试牌照，看好智能化,东吴证券,2026-04-07,汽车零部件,https://pdf.dfcfw.com/pdf/H3_AP202604071821042872_1.pdf?1775579063000.pdf
汽车行业专题：汽车智能化+出海成为主赛道，机器人有望提升板块估值,上海证券,2026-04-07,汽车零部件,https://pdf.dfcfw.com/pdf/H3_AP202604071821043861_1.pdf?1775581206000.pdf
汽车行业周报：Robotaxi系列跟踪2：行业主要参与者年报总结——2026年或是Robotaxi全球加速扩张元年,华源证券,2026-04-07,汽车零部件,https://pdf.dfcfw.com/pdf/H3_AP202604061821031715_1.pdf?1775547921000.pdf
汽车行业周报,国新证券股份,2026-04-07,汽车零部件,https://pdf.dfcfw.com/pdf/H3_AP202606061823322784_1.pdf?1780745553000.pdf
智能驾驶专题系列（二）：技术路线逐渐清晰，高阶智驾迎来拐点,华金证券,2026-04-06,汽车零部件,https://pdf.dfcfw.com/pdf/H3_AP202604051821027031_1.pdf?1775469051000.pdf
汽车行业周报,国新证券股份,2026-04-03,汽车零部件,https://pdf.dfcfw.com/pdf/H3_AP202604021820991739_1.pdf?1775198230000.pdf
汽车行业：主动悬架进入快速发展期，国产化替代持续推进,东兴证券,2026-04-01,汽车零部件,https://pdf.dfcfw.com/pdf/H3_AP202604011820938032_1.pdf?1775034070000.pdf
汽车行业：中国混动专用变速器DHT构型创新与实践,北京航空航天大学,2026-04-01,汽车零部件,https://pdf.dfcfw.com/pdf/H3_AP202604011820946592_1.pdf?1775062219000.pdf
汽车行业周报：销量下行出口高增，智驾科技业绩改善,国元证券,2026-03-31,汽车零部件,https://pdf.dfcfw.com/pdf/H3_AP202603311820891829_1.pdf?1774946194000.pdf
汽车与零部件行业周报：长安汽车巴西工厂正式投产，上汽集团首个具身智能人形机器人上岗,上海证券,2026-03-31,汽车零部件,https://pdf.dfcfw.com/pdf/H3_AP202603311820912573_1.pdf?1774970417000.pdf
整车主线周报：本周SW载客车表现较好，多家车企发布业绩,东吴证券,2026-03-30,汽车零部件,https://pdf.dfcfw.com/pdf/H3_AP202603291820841429_1.pdf?1774856667000.pdf
汽车行业周报：人形机器人行业双周报（0316-0329）：宇树科技IPO获受理，马斯克宣布造机器人芯片,华金证券,2026-03-30,汽车零部件,https://pdf.dfcfw.com/pdf/H3_AP202603301820852173_1.pdf?1774872971000.pdf
汽车行业周报：Optimus团队启动大规模人才招聘，千万台机器人量产工厂开始建设,华鑫证券,2026-03-30,汽车零部件,https://pdf.dfcfw.com/pdf/H3_AP202603301820844313_1.pdf?1774858070000.pdf
智能汽车主线周报：小鹏成立Robotaxi业务部，看好智能化,东吴证券,2026-03-30,汽车零部件,https://pdf.dfcfw.com/pdf/H3_AP202603301820857564_1.pdf?1774889703000.pdf
激光雷达专题报告：智能驾驶+机器人，激光雷达需求持续上升,东莞证券,2026-03-30,汽车零部件,https://pdf.dfcfw.com/pdf/H3_AP202603301820857456_1.pdf?1774889939000.pdf
AI智能汽车4月投资策略：小鹏第二代VLA上车，看好智能化,东吴证券,2026-03-30,汽车零部件,https://pdf.dfcfw.com/pdf/H3_AP202603301820871997_1.pdf?1774903266000.pdf
新能源汽车行业财税政策复盘与梳理：汽车行业：政策退坡驱动转型，市场力量重塑产业格局,金融街证券,2026-03-30,汽车零部件,https://pdf.dfcfw.com/pdf/H3_AP202603301820874641_1.pdf?1774904625000.pdf
汽车及汽车零部件行业周报：理想宣布10亿美元回购计划，小鹏成立Robotaxi业务部,国金证券,2026-03-29,汽车零部件,https://pdf.dfcfw.com/pdf/H3_AP202603291820835973_1.pdf?1774778212000.pdf
汽车行业周报：26年重卡出口思考（2）：美伊冲突提升中东陆运需求，重卡出口有望超预期,华源证券,2026-03-29,汽车零部件,https://pdf.dfcfw.com/pdf/H3_AP202603291820836180_1.pdf?1774782828000.pdf
汽车零部件&机器人主线周报：Optimus再发相关视频，小米灵巧手公布最新进展,东吴证券,2026-03-29,汽车零部件,https://pdf.dfcfw.com/pdf/H3_AP202603291820839069_1.pdf?1774807701000.pdf
2026年乘用车市场用户趋势洞察,汽车之家,2026-03-29,汽车零部件,https://pdf.dfcfw.com/pdf/H3_AP202603281820834131_1.pdf?1774793953000.pdf
汽车行业双周报：重点车企陆续披露年报,东莞证券,2026-03-27,汽车零部件,https://pdf.dfcfw.com/pdf/H3_AP202603271820800018_1.pdf?1774630912000.pdf
客车2月月报：2月出口持续超预期，看好全年出口,东吴证券,2026-03-26,汽车零部件,https://pdf.dfcfw.com/pdf/H3_AP202603261820754709_1.pdf?1774507951000.pdf
汽车行业周报,国新证券股份,2026-03-26,汽车零部件,https://pdf.dfcfw.com/pdf/H3_AP202603261820764248_1.pdf?1774539682000.pdf
整车主线周报：本周SW乘用车表现较好，看好景气度复苏机会,东吴证券,2026-03-24,汽车零部件,https://pdf.dfcfw.com/pdf/H3_AP202603241820710284_1.pdf?1774334335000.pdf
汽车零部件行业专题研究：专注汽车零部件优质赛道,源达信息,2026-03-24,汽车零部件,https://pdf.dfcfw.com/pdf/H3_AP202603241820714988_1.pdf?1774348030000.pdf
汽车与零部件行业周报：宇树科技科创板IPO申请获受理，乘联分会预计3月狭义乘用车yoy-12.4%,上海证券,2026-03-24,汽车零部件,https://pdf.dfcfw.com/pdf/H3_AP202603241820716532_1.pdf?1774351970000.pdf
汽车行业周报：行业龙头宇树科技IPO获受理，2025年人形机器人出货量全球第一,华鑫证券,2026-03-23,汽车零部件,https://pdf.dfcfw.com/pdf/H3_AP202603231820691776_1.pdf?1774257075000.pdf
智能汽车主线周报：三部门提出加快自动驾驶技术攻关突破，看好智能化,东吴证券,2026-03-23,汽车零部件,https://pdf.dfcfw.com/pdf/H3_AP202603231820705685_1.pdf?1774296562000.pdf
汽车零部件&机器人主线周报：宇树IPO获受理，2025年收入&利润同比实现倍数增长,东吴证券,2026-03-22,汽车零部件,https://pdf.dfcfw.com/pdf/H3_AP202603221820685813_1.pdf?1774171004000.pdf
汽车行业周报：GTC观察：液冷投资正处于“黄金时代”,华源证券,2026-03-22,汽车零部件,https://pdf.dfcfw.com/pdf/H3_AP202603221820687526_1.pdf?1774197542000.pdf
汽车及汽车零件行业周报：油价上涨利好中国新能源车，理想发布下一代自动驾驶基础模型,国金证券,2026-03-22,汽车零部件,https://pdf.dfcfw.com/pdf/H3_AP202603221820687968_1.pdf?1774204645000.pdf
新疆自治区汽车市场分析报告202507期,广州市求信商征信息咨询,2026-03-19,汽车零部件,https://pdf.dfcfw.com/pdf/H3_AP202603191820651278_1.pdf?1773950537000.pdf
简析吉利发布“一个吉利，全面领先”2030战略,上海福蓝汽车技术,2026-03-18,汽车零部件,https://pdf.dfcfw.com/pdf/H3_AP202603181820611111_1.pdf?1773843142000.pdf
汽车：氢能新政：重卡高功率与低氢价驱动“自我造血”,招银国际,2026-03-17,汽车零部件,https://pdf.dfcfw.com/pdf/H3_AP202603171820590538_1.pdf?1773737975000.pdf
汽车与零部件行业周报：2月份汽车市场出口保持较快增长，Optimus3预计于2026年夏投产,上海证券,2026-03-17,汽车零部件,https://pdf.dfcfw.com/pdf/H3_AP202603171820592916_1.pdf?1773741352000.pdf
汽车行业2026年3月投资策略：乘用车销量触底回升，新技术与新品周期有望提振板块,国信证券,2026-03-17,汽车零部件,https://pdf.dfcfw.com/pdf/H3_AP202603171820594855_1.pdf?1773757489000.pdf
汽车行业周报：Digital Optimus计划6个月后上线，Terafab项目将在3月21日启动,华鑫证券,2026-03-16,汽车零部件,https://pdf.dfcfw.com/pdf/H3_AP202603161820568029_1.pdf?1773648657000.pdf
汽车行业周报：车企陆续披露2025年业绩，工信部第405批新车申报,国金证券,2026-03-16,汽车零部件,https://pdf.dfcfw.com/pdf/H3_AP202603161820568021_1.pdf?1773648657000.pdf
智能汽车主线周报：文远知行与小马智行接入腾讯出行，看好智能化,东吴证券,2026-03-16,汽车零部件,https://pdf.dfcfw.com/pdf/H3_AP202603161820571434_1.pdf?1773660448000.pdf
汽车行业周报：后期大众市场，多模式竞争各擅胜场,国元证券,2026-03-16,汽车零部件,https://pdf.dfcfw.com/pdf/H3_AP202603161820576399_1.pdf?1773677678000.pdf
整车主线周报：本周SW乘用车表现较好，原材料及汇兑压力依然明显,东吴证券,2026-03-16,汽车零部件,https://pdf.dfcfw.com/pdf/H3_AP202603161820577561_1.pdf?1773680014000.pdf
问界M7：车主画像分析报告,尼尔森,2026-03-15,汽车零部件,https://pdf.dfcfw.com/pdf/H3_AP202603151820564852_1.pdf?1773586580000.pdf
汽车行业周报：人形机器人行业双周报（0302-0315）：融资规模破纪录，具身智能资本化进程加速,华金证券,2026-03-15,汽车零部件,https://pdf.dfcfw.com/pdf/H3_AP202603151820566177_1.pdf?1773601930000.pdf
汽车行业周报：Robotaxi系列跟踪1：政策&主要参与者商业化进展更新,华源证券,2026-03-15,汽车零部件,https://pdf.dfcfw.com/pdf/H3_AP202603151820566551_1.pdf?1773609960000.pdf
汽车零部件&机器人主线周报：特斯拉发布人形机器人比心图，Figure AI发布机器人做家务视频,东吴证券,2026-03-15,汽车零部件,https://pdf.dfcfw.com/pdf/H3_AP202603151820566618_1.pdf?1773612238000.pdf
汽车行业双周报：2月新能源车国内总体乘用车零售渗透率44.9%,东莞证券,2026-03-13,汽车零部件,https://pdf.dfcfw.com/pdf/H3_AP202603131820544086_1.pdf?1773419997000.pdf
政府工作报告汽车产业视角解读,国新证券股份,2026-03-12,汽车零部件,https://pdf.dfcfw.com/pdf/H3_AP202603121820506261_1.pdf?1773300342000.pdf
汽车行业周报,国新证券股份,2026-03-12,汽车零部件,https://pdf.dfcfw.com/pdf/H3_AP202603121820526592_1.pdf?1773349426000.pdf
汽车行业非评级行动短评：2026年政府工作报告指引下新能源汽车高质量发展的核心驱动：政策支持、市场秩序重塑与技术赋能,中证鹏元国际,2026-03-12,汽车零部件,https://pdf.dfcfw.com/pdf/H3_AP202603121820526985_1.pdf?1773353408000.pdf
汽车与零部件行业周报：极狐埃安加快换电布局，比亚迪发布第二代刀片电池及闪充技术,上海证券,2026-03-11,汽车零部件,https://pdf.dfcfw.com/pdf/H3_AP202603111820485632_1.pdf?1773236750000.pdf
汽车行业周报：地缘政治突发，关注新能源全球化机会,国元证券,2026-03-10,汽车零部件,https://pdf.dfcfw.com/pdf/H3_AP202603101820434671_1.pdf?1773128791000.pdf
汽车行业点评报告：两会召开，汽车产业提质增效，出海和智能化加速,开源证券,2026-03-10,汽车零部件,https://pdf.dfcfw.com/pdf/H3_AP202603101820438379_1.pdf?1773135748000.pdf
汽车智能化月报系列（三十三）：12月城区NOA渗透率23%，小鹏汽车第二代VLA正式发布,国信证券,2026-03-10,汽车零部件,https://pdf.dfcfw.com/pdf/H3_AP202603101820436466_1.pdf?1773133651000.pdf
智驾未来：AI重塑汽车消费新纪元,艺恩数据,2026-03-10,汽车零部件,https://pdf.dfcfw.com/pdf/H3_AP202603101820445268_1.pdf?1773154928000.pdf
汽车行业周报：比亚迪发布第二代刀片电池，关注技术进展下竞争格局重塑,华龙证券,2026-03-10,汽车零部件,https://pdf.dfcfw.com/pdf/H3_AP202603101820453953_1.pdf?1773157369000.pdf
汽车：反内卷后比亚迪的破局之道：以闪充技术重构产品竞争力,五矿证券,2026-03-10,汽车零部件,https://pdf.dfcfw.com/pdf/H3_AP202603101820455627_1.pdf?1773159597000.pdf
智能汽车主线周报：小鹏VLA 2.0上车在即，看好智能化,东吴证券,2026-03-09,汽车零部件,https://pdf.dfcfw.com/pdf/H3_AP202603091820405118_1.pdf?1773054917000.pdf
汽车行业周报：Cortex 2将在4月投入训练Optimus，“两会”为人形机器人产业划重点,华鑫证券,2026-03-09,汽车零部件,https://pdf.dfcfw.com/pdf/H3_AP202603091820405885_1.pdf?1773056697000.pdf
整车主线周报：本周SW乘用车表现较好，原材料及汇兑压力依然明显,东吴证券,2026-03-09,汽车零部件,https://pdf.dfcfw.com/pdf/H3_AP202603091820423125_1.pdf?1773095467000.pdf
汽车零部件&机器人主线周报：银轮获发电相关项目定点，舍弗勒与乐聚达成战略合作,东吴证券,2026-03-08,汽车零部件,https://pdf.dfcfw.com/pdf/H3_AP202603081820384196_1.pdf?1772966542000.pdf
汽车行业周报：3月销量增速有望边际修复，比亚迪发布闪充技术,国金证券,2026-03-08,汽车零部件,https://pdf.dfcfw.com/pdf/H3_AP202603081820386974_1.pdf?1772977548000.pdf
汽车行业周报：26年重卡出口思考（1）：非洲重卡市场空间及格局分析,华源证券,2026-03-08,汽车零部件,https://pdf.dfcfw.com/pdf/H3_AP202603081820389752_1.pdf?1772988756000.pdf
汽车以旧换新消费洞察白皮书,懂车帝,2026-03-06,汽车零部件,https://pdf.dfcfw.com/pdf/H3_AP202603061820341163_1.pdf?1772813751000.pdf
智车研栈OTA2026第5周周报,上海安路勤企业管理咨询,2026-03-05,汽车零部件,https://pdf.dfcfw.com/pdf/H3_AP202603051820286409_1.pdf?1772702520000.pdf
汽车行业研究周报：人形机器人国家标准体系发布,申港证券,2026-03-05,汽车零部件,https://pdf.dfcfw.com/pdf/H3_AP202603051820292947_1.pdf?1772710792000.pdf
汽车行业ESG案例白皮书,荣续ESG智库研究中心,2026-03-04,汽车零部件,https://pdf.dfcfw.com/pdf/H3_AP202603031820234644_1.pdf?1772610253000.pdf
202601期新能源车行业市场跟踪报告,广州市求信商征信息咨询,2026-03-04,汽车零部件,https://pdf.dfcfw.com/pdf/H3_AP202603041820247644_1.pdf?1772622814000.pdf
汽车与零部件行业周报：长安金钟罩固态电池2026年三季度前搭载机器人及装车验证，小鹏人形机器人2026年底量产,上海证券,2026-03-04,汽车零部件,https://pdf.dfcfw.com/pdf/H3_AP202603041820256068_1.pdf?1772622814000.pdf
电车需求跟踪（2月）：产品力推动单车带电量显著提升,五矿证券,2026-03-04,汽车零部件,https://pdf.dfcfw.com/pdf/H3_AP202603041820252604_1.pdf?1772617733000.pdf
汽车行业周报：数据中心分布式电源需求上行，产业链有望受益,开源证券,2026-03-02,汽车零部件,https://pdf.dfcfw.com/pdf/H3_AP202603021820170885_1.pdf?1772437199000.pdf
智能汽车主线周报：Waymo运营城市扩大至10城，看好智能化,东吴证券,2026-03-02,汽车零部件,https://pdf.dfcfw.com/pdf/H3_AP202603021820177368_1.pdf?1772451986000.pdf
汽车行业周报：商用车持续增长，乘用车结构向上,国元证券,2026-03-02,汽车零部件,https://pdf.dfcfw.com/pdf/H3_AP202603021820182430_1.pdf?1772464667000.pdf
汽车：特斯拉的V3时刻：OptimusV3&星舰V3,太平洋,2026-03-01,汽车零部件,https://pdf.dfcfw.com/pdf/H3_AP202603011820156759_1.pdf?1772372819000.pdf
汽车行业周报：节后新车陆续上市或开始预热，3月汽车需求有望企稳回升,国金证券,2026-03-01,汽车零部件,https://pdf.dfcfw.com/pdf/H3_AP202603011820159692_1.pdf?1772385463000.pdf
汽车行业周报：特斯拉柏林工厂或将生产Optimus，商业航天进入可回收火箭发射关键期,华鑫证券,2026-03-01,汽车零部件,https://pdf.dfcfw.com/pdf/H3_AP202603011820161908_1.pdf?1772394729000.pdf
汽车行业周报：人形机器人行业双周报（0216-0301）：人形机器人刷屏春晚，中国智造开启发展新篇章,华金证券,2026-03-01,汽车零部件,https://pdf.dfcfw.com/pdf/H3_AP202603011820158904_1.pdf?1772382164000.pdf
汽车行业研究周报：春晚见证机器人“进化”更近真场景,申港证券,2026-02-27,汽车零部件,https://pdf.dfcfw.com/pdf/H3_AP202602271820087206_1.pdf?1772183400000.pdf
智能驾驶专题系列（一）：线控底盘：解锁高阶智驾，迈入放量周期,华金证券,2026-02-27,汽车零部件,https://pdf.dfcfw.com/pdf/H3_AP202602271820094801_1.pdf?1772200847000.pdf
汽车行业双周报：今年春节假期新能源汽车出行创新高,东莞证券,2026-02-27,汽车零部件,https://pdf.dfcfw.com/pdf/H3_AP202602271820101694_1.pdf?1772211257000.pdf
AI智能汽车3月投资策略：L3_L4开启征求意见，北美Robotaxi加速，看好智能化,东吴证券,2026-02-27,汽车零部件,https://pdf.dfcfw.com/pdf/H3_AP202602271820105238_1.pdf?1772216756000.pdf
汽车与零部件行业周报：1月汽车销量234.6万辆，四家国产机器人企业首次集体登上春晚舞台,上海证券,2026-02-26,汽车零部件,https://pdf.dfcfw.com/pdf/H3_AP202602261820053731_1.pdf?1772102119000.pdf
汽车行业2025年信用回顾与2026年展望,新世纪资信评估,2026-02-26,汽车零部件,https://pdf.dfcfw.com/pdf/H3_AP202602261820053919_1.pdf?1772103311000.pdf
汽车行业月报,国新证券股份,2026-02-26,汽车零部件,https://pdf.dfcfw.com/pdf/H3_AP202602261820070136_1.pdf?1772136506000.pdf
汽车零部件行业点评报告：伯特利拟收购豫北转向，行业整合迎线控变革时代,开源证券,2026-02-26,汽车零部件,https://pdf.dfcfw.com/pdf/H3_AP202602261820070227_1.pdf?1772137472000.pdf
汽车行业周报：机器人春晚表现亮眼，我国首次完成一级箭体海上回收,华鑫证券,2026-02-25,汽车零部件,https://pdf.dfcfw.com/pdf/H3_AP202602251820013650_1.pdf?1772005997000.pdf
智能汽车主线周报：特斯拉首辆Cybercab下线，看好智能化,东吴证券,2026-02-24,汽车零部件,https://pdf.dfcfw.com/pdf/H3_AP202602241819990839_1.pdf?1771933457000.pdf
汽车行业资料点评：1月汽车销量回落，春节后市场有望回暖,群益证券,2026-02-24,汽车零部件,https://pdf.dfcfw.com/pdf/H3_AP202602241819994977_1.pdf?1771954745000.pdf
汽车行业周报,国新证券股份,2026-02-21,汽车零部件,https://pdf.dfcfw.com/pdf/H3_AP202602211819975824_1.pdf?1771752120000.pdf
汽车行业周报,国新证券股份,2026-02-21,汽车零部件,https://pdf.dfcfw.com/pdf/H3_AP202602211819975833_1.pdf?1771752281000.pdf
汽车零部件&机器人主线周报：敏实“牵手”绿的谐波，极智嘉发布仓储机器人Gino 1,东吴证券,2026-02-15,汽车零部件,https://pdf.dfcfw.com/pdf/H3_AP202602151819937475_1.pdf?1771148111000.pdf
汽车行业周报：1月新能源车出口量同比翻倍，创历史同期新高,开源证券,2026-02-14,汽车零部件,https://pdf.dfcfw.com/pdf/H3_AP202602141819936297_1.pdf?1771102095000.pdf
镁合金月报（202601）：镁_铝价比创历史新低，镁合金多行业应用持续开拓,山西证券,2026-02-12,汽车零部件,https://pdf.dfcfw.com/pdf/H3_AP202602121819901192_1.pdf?1770916310000.pdf
物理区域控制器（ZCU）技术白皮书：重构汽车电子电气架构，引领行业变革,经纬恒润,2026-02-11,汽车零部件,https://pdf.dfcfw.com/pdf/H3_AP202602101819861914_1.pdf?1770806050000.pdf
汽车与零部件行业周报：蔚来成立11年首次实现单季盈利，2026年汽车以旧换新销售额突破500亿元,上海证券,2026-02-10,汽车零部件,https://pdf.dfcfw.com/pdf/H3_AP202602101819848838_1.pdf?1770716920000.pdf
汽车行业周报：矿山无人驾驶专题1：矿山无人驾驶商业模式&市场规模,华源证券,2026-02-10,汽车零部件,https://pdf.dfcfw.com/pdf/H3_AP202602101819849613_1.pdf?1770719436000.pdf
汽车行业研究周报：智元举办机器人晚会，秀出新生态,申港证券,2026-02-10,汽车零部件,https://pdf.dfcfw.com/pdf/H3_AP202602101819852438_1.pdf?1770735819000.pdf
汽车行业周报：Optimus Gen3亮相在即，特斯拉中国AI训练中心投入使用,华鑫证券,2026-02-09,汽车零部件,https://pdf.dfcfw.com/pdf/H3_AP202602091819828652_1.pdf?1770628329000.pdf
汽车行业周报：1月重卡批发销量约10万辆，蔚来2026Q4经营利润转正,开源证券,2026-02-09,汽车零部件,https://pdf.dfcfw.com/pdf/H3_AP202602091819827544_1.pdf?1770624470000.pdf
汽车轻量化专题：多重驱动、多点爆发；镁合金时代加速到来,山西证券,2026-02-08,汽车零部件,https://pdf.dfcfw.com/pdf/H3_AP202602081819824022_1.pdf?1770547901000.pdf
汽车行业双周报：2026年新一轮地方“以旧换新”细则密集出台,东莞证券,2026-02-08,汽车零部件,https://pdf.dfcfw.com/pdf/H3_AP202602081819824275_1.pdf?1770553763000.pdf
镁合金月报：镁合金成本优势持续向好，零部件企业定点密集发布,山西证券,2026-02-08,汽车零部件,https://pdf.dfcfw.com/pdf/H3_AP202602081819824037_1.pdf?1770546703000.pdf
汽车行业周报：全球首个汽车门把手安全强制性标准正式发布，工信部加快推进驾驶自动化等重点标准研制,信达证券,2026-02-08,汽车零部件,https://pdf.dfcfw.com/pdf/H3_AP202602081819825333_1.pdf?1770575951000.pdf
汽车与零部件行业周报：特斯拉第三代机器人即将亮相，2025年汽车以旧换新初步统计超过1150万辆,上海证券,2026-02-08,汽车零部件,https://pdf.dfcfw.com/pdf/H3_AP202602081819825377_1.pdf?1770576755000.pdf
汽车及汽车零部件行业周报：1月出海持续亮眼，新车有望催化车市需求释放,国金证券,2026-02-08,汽车零部件,https://pdf.dfcfw.com/pdf/H3_AP202602081819824603_1.pdf?1770562843000.pdf
汽车行业研究周报：特斯拉发布年报，向“物理AI公司”转型明确,申港证券,2026-02-05,汽车零部件,https://pdf.dfcfw.com/pdf/H3_AP202602051819783869_1.pdf?1770289327000.pdf
汽车行业2025年回顾与2026年展望：汽车产销稳增与智能加速并进，行业亟待规范竞争向新向优发展,大公国际资信评估,2026-02-05,汽车零部件,https://pdf.dfcfw.com/pdf/H3_AP202602051819782162_1.pdf?1770285505000.pdf
智车研栈OTA2026第4周周报,上海安路勤企业管理咨询,2026-02-05,汽车零部件,https://pdf.dfcfw.com/pdf/H3_AP202602051819786209_1.pdf?1770304346000.pdf
